CustomerID,PredictedProductName
12348.0,POSTAGE
12355.0,REGENCY CAKESTAND 3 TIER
12360.0,SET OF 20 VINTAGE CHRISTMAS NAPKINS
12363.0,VINTAGE CHRISTMAS BUNTING
12365.0,Manual
12371.0,POSTAGE
12375.0,POSTAGE
12378.0,LUNCH BAG RED RETROSPOT
12381.0,REGENCY CAKESTAND 3 TIER
12399.0,LUNCH BAG RED RETROSPOT
12402.0,POSTAGE
12414.0,POSTAGE
12415.0,RABBIT NIGHT LIGHT
12422.0,JUMBO BAG 50'S CHRISTMAS 
12437.0,REGENCY CAKESTAND 3 TIER
12452.0,POSTAGE
12461.0,POSTAGE
12464.0,POSTAGE
12473.0,Manual
12476.0,BLACK RECORD COVER FRAME
12484.0,POSTAGE
12490.0,JUMBO BAG 50'S CHRISTMAS 
12510.0,BLACK RECORD COVER FRAME
12516.0,JUMBO BAG RED RETROSPOT
12517.0,POSTAGE
12523.0,ROSES REGENCY TEACUP AND SAUCER 
12536.0,Manual
12547.0,POSTAGE
12548.0,POSTAGE
12552.0,POSTAGE
12572.0,REGENCY CAKESTAND 3 TIER
12573.0,PARTY BUNTING
12583.0,BAKING SET SPACEBOY DESIGN
12586.0,BAKING SET 9 PIECE RETROSPOT 
12589.0,REGENCY CAKESTAND 3 TIER
12590.0,POSTAGE
12594.0,RABBIT NIGHT LIGHT
12603.0,REGENCY CAKESTAND 3 TIER
12613.0,REGENCY CAKESTAND 3 TIER
12642.0,BAKING SET 9 PIECE RETROSPOT 
12657.0,REGENCY CAKESTAND 3 TIER
12664.0,POSTAGE
12670.0,RABBIT NIGHT LIGHT
12680.0,BAKING SET 9 PIECE RETROSPOT 
12683.0,POSTAGE
12684.0,POSTAGE
12685.0,RABBIT NIGHT LIGHT
12691.0,POSTAGE
12693.0,POSTAGE
12702.0,HOT WATER BOTTLE TEA AND SYMPATHY
12723.0,POSTAGE
12724.0,POSTAGE
12736.0,POSTAGE
12739.0,POSTAGE
12744.0,Manual
12784.0,POSTAGE
12787.0,JUMBO BAG 50'S CHRISTMAS 
12791.0,POSTAGE
12797.0,RED  HARMONICA IN BOX 
12798.0,RABBIT NIGHT LIGHT
12808.0,JUMBO BAG 50'S CHRISTMAS 
12811.0,POSTAGE
12812.0,HOT WATER BOTTLE TEA AND SYMPATHY
12814.0,POSTAGE
12815.0,SET OF 3 CAKE TINS PANTRY DESIGN 
12816.0,SET OF 3 CAKE TINS PANTRY DESIGN 
12820.0,PAPER CHAIN KIT 50'S CHRISTMAS 
12830.0,VINTAGE SNAP CARDS
12853.0,DOORMAT KEEP CALM AND COME IN
12873.0,PAPER CHAIN KIT 50'S CHRISTMAS 
12876.0,BAKING SET 9 PIECE RETROSPOT 
12882.0,DOORMAT KEEP CALM AND COME IN
12884.0,JUMBO BAG RED RETROSPOT
12886.0,SET OF 20 VINTAGE CHRISTMAS NAPKINS
12888.0,BLACK RECORD COVER FRAME
12893.0,SMALL WHITE HEART OF WICKER
12897.0,SPOTTY BUNTING
12912.0,RABBIT NIGHT LIGHT
12916.0,ANTIQUE SILVER T-LIGHT GLASS
12933.0,PAPER CHAIN KIT 50'S CHRISTMAS 
12937.0,SCOTTIE DOG HOT WATER BOTTLE
12951.0,SET OF 20 VINTAGE CHRISTMAS NAPKINS
12952.0,SET OF 12 FAIRY CAKE BAKING CASES
12982.0,RED  HARMONICA IN BOX 
12990.0,JUMBO BAG RED RETROSPOT
12993.0,WOODEN STAR CHRISTMAS SCANDINAVIAN
12995.0,GREY HEART HOT WATER BOTTLE
12997.0,NATURAL SLATE HEART CHALKBOARD 
13000.0,HANGING HEART JAR T-LIGHT HOLDER
13008.0,GREY HEART HOT WATER BOTTLE
13013.0,HOT WATER BOTTLE I AM SO POORLY
13017.0,CHOCOLATE HOT WATER BOTTLE
13047.0,Manual
13058.0,VINTAGE CHRISTMAS BUNTING
13059.0,REGENCY CAKESTAND 3 TIER
13068.0,JUMBO  BAG BAROQUE BLACK WHITE
13072.0,BAKING SET SPACEBOY DESIGN
13078.0,ASSORTED COLOUR BIRD ORNAMENT
13085.0,BAKING SET SPACEBOY DESIGN
13089.0,REGENCY CAKESTAND 3 TIER
13090.0,ZINC FOLKART SLEIGH BELLS
13094.0,ANTIQUE SILVER T-LIGHT GLASS
13102.0,VINTAGE CHRISTMAS BUNTING
13131.0,VINTAGE SNAP CARDS
13132.0,BLACK RECORD COVER FRAME
13133.0,HANGING HEART JAR T-LIGHT HOLDER
13141.0,RED  HARMONICA IN BOX 
13142.0,BAKING SET SPACEBOY DESIGN
13144.0,REGENCY CAKESTAND 3 TIER
13145.0,CHILLI LIGHTS
13147.0,CHILLI LIGHTS
13157.0,SET OF 20 VINTAGE CHRISTMAS NAPKINS
13194.0,NATURAL SLATE HEART CHALKBOARD 
13198.0,PAPER CHAIN KIT VINTAGE CHRISTMAS
13208.0,Manual
13227.0,JUMBO  BAG BAROQUE BLACK WHITE
13228.0,JUMBO BAG RED RETROSPOT
13238.0,JUMBO BAG 50'S CHRISTMAS 
13243.0,MULTI COLOUR SILVER T-LIGHT HOLDER
13247.0,BAKING SET 9 PIECE RETROSPOT 
13248.0,VINTAGE CHRISTMAS BUNTING
13258.0,SMALL WHITE HEART OF WICKER
13261.0,PARTY BUNTING
13268.0,Manual
13284.0,BAKING SET 9 PIECE RETROSPOT 
13292.0,HANGING HEART JAR T-LIGHT HOLDER
13296.0,JAM MAKING SET PRINTED
13299.0,ROSES REGENCY TEACUP AND SAUCER 
13300.0,CHILLI LIGHTS
13305.0,VICTORIAN GLASS HANGING T-LIGHT
13320.0,CHOCOLATE HOT WATER BOTTLE
13321.0,ASSORTED COLOUR BIRD ORNAMENT
13323.0,HOT WATER BOTTLE KEEP CALM
13327.0,HOT WATER BOTTLE KEEP CALM
13334.0,REX CASH+CARRY JUMBO SHOPPER
13340.0,SET OF 3 CAKE TINS PANTRY DESIGN 
13362.0,HOT WATER BOTTLE I AM SO POORLY
13363.0,WOODEN STAR CHRISTMAS SCANDINAVIAN
13375.0,GREY HEART HOT WATER BOTTLE
13379.0,SET OF 20 VINTAGE CHRISTMAS NAPKINS
13394.0,PAPER CHAIN KIT 50'S CHRISTMAS 
13397.0,SET OF 3 CAKE TINS PANTRY DESIGN 
13403.0,ANTIQUE SILVER T-LIGHT GLASS
13419.0,JUMBO  BAG BAROQUE BLACK WHITE
13421.0,JUMBO  BAG BAROQUE BLACK WHITE
13427.0,CHRISTMAS HANGING STAR WITH BELL
13430.0,REGENCY CAKESTAND 3 TIER
13436.0,VICTORIAN GLASS HANGING T-LIGHT
13437.0,ZINC FOLKART SLEIGH BELLS
13458.0,LUNCH BAG RED RETROSPOT
13470.0,LUNCH BAG RED RETROSPOT
13471.0,JAM MAKING SET PRINTED
13491.0,DOORMAT KEEP CALM AND COME IN
13495.0,HOT WATER BOTTLE I AM SO POORLY
13497.0,HANGING HEART JAR T-LIGHT HOLDER
13515.0,SET OF 20 VINTAGE CHRISTMAS NAPKINS
13534.0,LUNCH BAG RED RETROSPOT
13549.0,REGENCY CAKESTAND 3 TIER
13557.0,HOT WATER BOTTLE KEEP CALM
13564.0,Manual
13576.0,WOODEN STAR CHRISTMAS SCANDINAVIAN
13579.0,HOT WATER BOTTLE I AM SO POORLY
13589.0,JUMBO BAG 50'S CHRISTMAS 
13599.0,RABBIT NIGHT LIGHT
13626.0,JAM MAKING SET PRINTED
13630.0,VICTORIAN GLASS HANGING T-LIGHT
13632.0,WHITE HANGING HEART T-LIGHT HOLDER
13652.0,HAND WARMER SCOTTY DOG DESIGN
13689.0,JUMBO BAG PINK POLKADOT
13700.0,HAND WARMER SCOTTY DOG DESIGN
13710.0,SMALL WHITE HEART OF WICKER
13730.0,RED  HARMONICA IN BOX 
13737.0,REGENCY CAKESTAND 3 TIER
13752.0,SPOTTY BUNTING
13756.0,HAND WARMER SCOTTY DOG DESIGN
13759.0,VINTAGE CHRISTMAS BUNTING
13767.0,HOT WATER BOTTLE TEA AND SYMPATHY
13769.0,GREY HEART HOT WATER BOTTLE
13771.0,HOT WATER BOTTLE TEA AND SYMPATHY
13784.0,HANGING HEART JAR T-LIGHT HOLDER
13831.0,WHITE HANGING HEART T-LIGHT HOLDER
13845.0,BLACK RECORD COVER FRAME
13859.0,WHITE HANGING HEART T-LIGHT HOLDER
13865.0,GREEN REGENCY TEACUP AND SAUCER
13871.0,VICTORIAN GLASS HANGING T-LIGHT
13878.0,VINTAGE CHRISTMAS BUNTING
13881.0,SET OF 20 VINTAGE CHRISTMAS NAPKINS
13886.0,ANTIQUE SILVER T-LIGHT GLASS
13889.0,SCOTTIE DOG HOT WATER BOTTLE
13890.0,HOT WATER BOTTLE TEA AND SYMPATHY
13892.0,ROSES REGENCY TEACUP AND SAUCER 
13894.0,ANTIQUE SILVER TEA GLASS ENGRAVED
13898.0,BAKING SET 9 PIECE RETROSPOT 
13914.0,SET OF 12 FAIRY CAKE BAKING CASES
13918.0,RED  HARMONICA IN BOX 
13922.0,WHITE HANGING HEART T-LIGHT HOLDER
13926.0,MULTI COLOUR SILVER T-LIGHT HOLDER
13937.0,JAM MAKING SET PRINTED
13938.0,SET OF 12 FAIRY CAKE BAKING CASES
13941.0,CHILLI LIGHTS
13947.0,SMALL WHITE HEART OF WICKER
13962.0,ASSORTED COLOUR BIRD ORNAMENT
13983.0,RABBIT NIGHT LIGHT
13988.0,JUMBO BAG RED RETROSPOT
13993.0,REGENCY CAKESTAND 3 TIER
13994.0,GREEN REGENCY TEACUP AND SAUCER
14001.0,JUMBO  BAG BAROQUE BLACK WHITE
14029.0,VINTAGE SNAP CARDS
14040.0,LUNCH BAG RED RETROSPOT
14067.0,CHILLI LIGHTS
14077.0,RABBIT NIGHT LIGHT
14083.0,BAKING SET 9 PIECE RETROSPOT 
14110.0,BLACK RECORD COVER FRAME
14117.0,ANTIQUE SILVER T-LIGHT GLASS
14142.0,HOT WATER BOTTLE TEA AND SYMPATHY
14148.0,BAKING SET 9 PIECE RETROSPOT 
14157.0,HOT WATER BOTTLE I AM SO POORLY
14173.0,RABBIT NIGHT LIGHT
14174.0,JUMBO BAG PINK POLKADOT
14199.0,REGENCY CAKESTAND 3 TIER
14205.0,DOORMAT KEEP CALM AND COME IN
14208.0,ASSORTED COLOUR BIRD ORNAMENT
14223.0,BAKING SET 9 PIECE RETROSPOT 
14234.0,ZINC FOLKART SLEIGH BELLS
14243.0,HOT WATER BOTTLE I AM SO POORLY
14287.0,PARTY BUNTING
14290.0,RABBIT NIGHT LIGHT
14301.0,VINTAGE SNAP CARDS
14309.0,GREEN REGENCY TEACUP AND SAUCER
14312.0,CHRISTMAS HANGING STAR WITH BELL
14320.0,WHITE HANGING HEART T-LIGHT HOLDER
14367.0,HOT WATER BOTTLE KEEP CALM
14371.0,SCOTTIE DOG HOT WATER BOTTLE
14382.0,JUMBO BAG RED RETROSPOT
14383.0,ANTIQUE SILVER T-LIGHT GLASS
14388.0,JUMBO BAG 50'S CHRISTMAS 
14390.0,CHRISTMAS HANGING STAR WITH BELL
14434.0,HOT WATER BOTTLE KEEP CALM
14438.0,JUMBO BAG PINK POLKADOT
14462.0,MULTI COLOUR SILVER T-LIGHT HOLDER
14463.0,REGENCY CAKESTAND 3 TIER
14467.0,REX CASH+CARRY JUMBO SHOPPER
14470.0,PAPER CHAIN KIT 50'S CHRISTMAS 
14475.0,JUMBO BAG 50'S CHRISTMAS 
14482.0,JUMBO BAG RED RETROSPOT
14496.0,HOT WATER BOTTLE I AM SO POORLY
14503.0,JUMBO  BAG BAROQUE BLACK WHITE
14508.0,RABBIT NIGHT LIGHT
14513.0,MULTI COLOUR SILVER T-LIGHT HOLDER
14518.0,REX CASH+CARRY JUMBO SHOPPER
14522.0,ZINC FOLKART SLEIGH BELLS
14524.0,SCOTTIE DOG HOT WATER BOTTLE
14548.0,WHITE HANGING HEART T-LIGHT HOLDER
14555.0,BLACK RECORD COVER FRAME
14566.0,JUMBO  BAG BAROQUE BLACK WHITE
14578.0,GREY HEART HOT WATER BOTTLE
14585.0,SET OF 20 VINTAGE CHRISTMAS NAPKINS
14587.0,LUNCH BAG RED RETROSPOT
14621.0,JUMBO BAG 50'S CHRISTMAS 
14628.0,HOT WATER BOTTLE KEEP CALM
14639.0,DOORMAT KEEP CALM AND COME IN
14642.0,ANTIQUE SILVER T-LIGHT GLASS
14646.0,JUMBO BAG 50'S CHRISTMAS 
14655.0,HOT WATER BOTTLE KEEP CALM
14673.0,HOT WATER BOTTLE KEEP CALM
14675.0,RABBIT NIGHT LIGHT
14680.0,JUMBO BAG PINK POLKADOT
14689.0,WHITE HANGING HEART T-LIGHT HOLDER
14690.0,WOODEN STAR CHRISTMAS SCANDINAVIAN
14705.0,JUMBO  BAG BAROQUE BLACK WHITE
14712.0,HOT WATER BOTTLE TEA AND SYMPATHY
14713.0,SCOTTIE DOG HOT WATER BOTTLE
14733.0,SPOTTY BUNTING
14739.0,PAPER CHAIN KIT VINTAGE CHRISTMAS
14741.0,NATURAL SLATE HEART CHALKBOARD 
14745.0,JUMBO BAG PINK POLKADOT
14755.0,HOT WATER BOTTLE TEA AND SYMPATHY
14768.0,BAKING SET 9 PIECE RETROSPOT 
14770.0,WHITE HANGING HEART T-LIGHT HOLDER
14782.0,NATURAL SLATE HEART CHALKBOARD 
14790.0,CHILLI LIGHTS
14834.0,RABBIT NIGHT LIGHT
14842.0,GREEN REGENCY TEACUP AND SAUCER
14849.0,PAPER CHAIN KIT 50'S CHRISTMAS 
14850.0,JAM MAKING SET PRINTED
14861.0,HOT WATER BOTTLE KEEP CALM
14863.0,NATURAL SLATE HEART CHALKBOARD 
14880.0,HAND WARMER SCOTTY DOG DESIGN
14897.0,RABBIT NIGHT LIGHT
14905.0,PARTY BUNTING
14907.0,HAND WARMER SCOTTY DOG DESIGN
14915.0,SCOTTIE DOG HOT WATER BOTTLE
14918.0,WHITE HANGING HEART T-LIGHT HOLDER
14931.0,PAPER CHAIN KIT 50'S CHRISTMAS 
14937.0,WHITE HANGING HEART T-LIGHT HOLDER
14959.0,ANTIQUE SILVER T-LIGHT GLASS
14960.0,WOODEN STAR CHRISTMAS SCANDINAVIAN
14961.0,VINTAGE CHRISTMAS BUNTING
14972.0,REGENCY CAKESTAND 3 TIER
14976.0,POSTAGE
14985.0,REX CASH+CARRY JUMBO SHOPPER
15002.0,WHITE HANGING HEART T-LIGHT HOLDER
15017.0,CHRISTMAS HANGING STAR WITH BELL
15021.0,SMALL WHITE HEART OF WICKER
15028.0,DOORMAT KEEP CALM AND COME IN
15031.0,HANGING HEART JAR T-LIGHT HOLDER
15044.0,VINTAGE SNAP CARDS
15052.0,ANTIQUE SILVER TEA GLASS ENGRAVED
15063.0,REGENCY CAKESTAND 3 TIER
15070.0,PAPER CHAIN KIT 50'S CHRISTMAS 
15071.0,NATURAL SLATE HEART CHALKBOARD 
15073.0,VINTAGE CHRISTMAS BUNTING
15088.0,HOT WATER BOTTLE TEA AND SYMPATHY
15095.0,ASSORTED COLOUR BIRD ORNAMENT
15103.0,ZINC FOLKART SLEIGH BELLS
15106.0,WOODEN STAR CHRISTMAS SCANDINAVIAN
15107.0,MULTI COLOUR SILVER T-LIGHT HOLDER
15108.0,SET OF 3 CAKE TINS PANTRY DESIGN 
15115.0,ZINC FOLKART SLEIGH BELLS
15132.0,PAPER CHAIN KIT VINTAGE CHRISTMAS
15134.0,ZINC FOLKART SLEIGH BELLS
15149.0,GREEN REGENCY TEACUP AND SAUCER
15153.0,RABBIT NIGHT LIGHT
15180.0,CHOCOLATE HOT WATER BOTTLE
15187.0,RABBIT NIGHT LIGHT
15206.0,ROSES REGENCY TEACUP AND SAUCER 
15218.0,WHITE HANGING HEART T-LIGHT HOLDER
15223.0,REGENCY CAKESTAND 3 TIER
15238.0,HOT WATER BOTTLE I AM SO POORLY
15256.0,LUNCH BAG RED RETROSPOT
15258.0,SET OF 3 CAKE TINS PANTRY DESIGN 
15260.0,HANGING HEART JAR T-LIGHT HOLDER
15286.0,CHOCOLATE HOT WATER BOTTLE
15290.0,SET OF 20 VINTAGE CHRISTMAS NAPKINS
15304.0,REGENCY CAKESTAND 3 TIER
15313.0,JUMBO BAG RED RETROSPOT
15322.0,JAM MAKING SET PRINTED
15341.0,CHOCOLATE HOT WATER BOTTLE
15350.0,CHOCOLATE HOT WATER BOTTLE
15364.0,PAPER CHAIN KIT VINTAGE CHRISTMAS
15382.0,CHILLI LIGHTS
15385.0,ASSORTED COLOUR BIRD ORNAMENT
15405.0,VICTORIAN GLASS HANGING T-LIGHT
15406.0,JUMBO BAG 50'S CHRISTMAS 
15414.0,RABBIT NIGHT LIGHT
15416.0,ASSORTED COLOUR BIRD ORNAMENT
15421.0,JUMBO BAG RED RETROSPOT
15427.0,RED  HARMONICA IN BOX 
15428.0,WHITE HANGING HEART T-LIGHT HOLDER
15434.0,HAND WARMER SCOTTY DOG DESIGN
15438.0,GREEN REGENCY TEACUP AND SAUCER
15473.0,PAPER CHAIN KIT 50'S CHRISTMAS 
15478.0,HOT WATER BOTTLE KEEP CALM
15482.0,HOT WATER BOTTLE KEEP CALM
15513.0,HOT WATER BOTTLE TEA AND SYMPATHY
15518.0,HOT WATER BOTTLE TEA AND SYMPATHY
15528.0,JUMBO BAG PINK POLKADOT
15537.0,PARTY BUNTING
15549.0,Manual
15563.0,Manual
15570.0,PAPER CHAIN KIT VINTAGE CHRISTMAS
15581.0,Manual
15585.0,BAKING SET 9 PIECE RETROSPOT 
15597.0,SMALL WHITE HEART OF WICKER
15598.0,WOODEN STAR CHRISTMAS SCANDINAVIAN
15602.0,CHRISTMAS HANGING STAR WITH BELL
15610.0,JUMBO  BAG BAROQUE BLACK WHITE
15624.0,WHITE HANGING HEART T-LIGHT HOLDER
15637.0,SPOTTY BUNTING
15649.0,CHILLI LIGHTS
15655.0,HANGING HEART JAR T-LIGHT HOLDER
15668.0,ANTIQUE SILVER T-LIGHT GLASS
15681.0,PAPER CHAIN KIT VINTAGE CHRISTMAS
15694.0,BLACK RECORD COVER FRAME
15704.0,JUMBO BAG 50'S CHRISTMAS 
15719.0,ANTIQUE SILVER TEA GLASS ENGRAVED
15734.0,PARTY BUNTING
15737.0,JUMBO BAG 50'S CHRISTMAS 
15744.0,WOODEN STAR CHRISTMAS SCANDINAVIAN
15745.0,GREY HEART HOT WATER BOTTLE
15758.0,SCOTTIE DOG HOT WATER BOTTLE
15762.0,BAKING SET 9 PIECE RETROSPOT 
15774.0,CHOCOLATE HOT WATER BOTTLE
15777.0,REGENCY CAKESTAND 3 TIER
15782.0,HOT WATER BOTTLE I AM SO POORLY
15802.0,Manual
15803.0,ASSORTED COLOUR BIRD ORNAMENT
15808.0,PARTY BUNTING
15814.0,SET OF 12 FAIRY CAKE BAKING CASES
15830.0,HOT WATER BOTTLE KEEP CALM
15836.0,REGENCY CAKESTAND 3 TIER
15847.0,ASSORTED COLOUR BIRD ORNAMENT
15850.0,PAPER CHAIN KIT 50'S CHRISTMAS 
15862.0,PAPER CHAIN KIT VINTAGE CHRISTMAS
15864.0,ANTIQUE SILVER TEA GLASS ENGRAVED
15870.0,PARTY BUNTING
15883.0,SCOTTIE DOG HOT WATER BOTTLE
15885.0,POSTAGE
15888.0,Manual
15894.0,BAKING SET 9 PIECE RETROSPOT 
15920.0,Manual
15933.0,BAKING SET 9 PIECE RETROSPOT 
15944.0,ROSES REGENCY TEACUP AND SAUCER 
15950.0,ASSORTED COLOUR BIRD ORNAMENT
15970.0,LUNCH BAG RED RETROSPOT
15971.0,JUMBO BAG RED RETROSPOT
15975.0,PAPER CHAIN KIT VINTAGE CHRISTMAS
15977.0,SMALL WHITE HEART OF WICKER
15984.0,GREY HEART HOT WATER BOTTLE
15992.0,ASSORTED COLOUR BIRD ORNAMENT
15996.0,SPOTTY BUNTING
15998.0,ANTIQUE SILVER TEA GLASS ENGRAVED
16009.0,PAPER CHAIN KIT 50'S CHRISTMAS 
16013.0,CHILLI LIGHTS
16015.0,CHRISTMAS HANGING STAR WITH BELL
16029.0,JAM MAKING SET PRINTED
16030.0,PARTY BUNTING
16033.0,SMALL WHITE HEART OF WICKER
16049.0,ASSORTED COLOUR BIRD ORNAMENT
16062.0,SPOTTY BUNTING
16070.0,JUMBO BAG RED RETROSPOT
16076.0,VINTAGE SNAP CARDS
16102.0,HOT WATER BOTTLE I AM SO POORLY
16108.0,PAPER CHAIN KIT VINTAGE CHRISTMAS
16112.0,SET OF 12 FAIRY CAKE BAKING CASES
16114.0,SET OF 3 CAKE TINS PANTRY DESIGN 
16125.0,JAM MAKING SET PRINTED
16144.0,REGENCY CAKESTAND 3 TIER
16156.0,PAPER CHAIN KIT VINTAGE CHRISTMAS
16163.0,PARTY BUNTING
16172.0,PARTY BUNTING
16174.0,PARTY BUNTING
16175.0,WHITE HANGING HEART T-LIGHT HOLDER
16188.0,ZINC FOLKART SLEIGH BELLS
16190.0,WHITE HANGING HEART T-LIGHT HOLDER
16200.0,SMALL WHITE HEART OF WICKER
16212.0,PAPER CHAIN KIT 50'S CHRISTMAS 
16229.0,VINTAGE CHRISTMAS BUNTING
16230.0,WHITE HANGING HEART T-LIGHT HOLDER
16232.0,PARTY BUNTING
16247.0,NATURAL SLATE HEART CHALKBOARD 
16248.0,HAND WARMER SCOTTY DOG DESIGN
16266.0,ASSORTED COLOUR BIRD ORNAMENT
16270.0,BAKING SET SPACEBOY DESIGN
16276.0,CHOCOLATE HOT WATER BOTTLE
16282.0,MULTI COLOUR SILVER T-LIGHT HOLDER
16293.0,MULTI COLOUR SILVER T-LIGHT HOLDER
16313.0,VICTORIAN GLASS HANGING T-LIGHT
16323.0,PARTY BUNTING
16325.0,PAPER CHAIN KIT VINTAGE CHRISTMAS
16333.0,RED  HARMONICA IN BOX 
16337.0,RED  HARMONICA IN BOX 
16347.0,HOT WATER BOTTLE KEEP CALM
16352.0,SMALL WHITE HEART OF WICKER
16353.0,CHILLI LIGHTS
16362.0,PAPER CHAIN KIT 50'S CHRISTMAS 
16365.0,PAPER CHAIN KIT 50'S CHRISTMAS 
16370.0,WHITE HANGING HEART T-LIGHT HOLDER
16384.0,REGENCY CAKESTAND 3 TIER
16404.0,ANTIQUE SILVER T-LIGHT GLASS
16413.0,NATURAL SLATE HEART CHALKBOARD 
16419.0,PARTY BUNTING
16422.0,VINTAGE SNAP CARDS
16424.0,ANTIQUE SILVER T-LIGHT GLASS
16427.0,HANGING HEART JAR T-LIGHT HOLDER
16438.0,WHITE HANGING HEART T-LIGHT HOLDER
16454.0,Manual
16457.0,WHITE HANGING HEART T-LIGHT HOLDER
16458.0,JUMBO BAG RED RETROSPOT
16468.0,JUMBO BAG PINK POLKADOT
16495.0,BAKING SET SPACEBOY DESIGN
16500.0,PAPER CHAIN KIT 50'S CHRISTMAS 
16518.0,HAND WARMER SCOTTY DOG DESIGN
16520.0,SPOTTY BUNTING
16523.0,DOORMAT KEEP CALM AND COME IN
16527.0,DOORMAT KEEP CALM AND COME IN
16532.0,CHILLI LIGHTS
16535.0,REGENCY CAKESTAND 3 TIER
16539.0,DOORMAT KEEP CALM AND COME IN
16551.0,SET OF 12 FAIRY CAKE BAKING CASES
16553.0,SET OF 3 CAKE TINS PANTRY DESIGN 
16557.0,ANTIQUE SILVER T-LIGHT GLASS
16558.0,SPOTTY BUNTING
16561.0,PAPER CHAIN KIT 50'S CHRISTMAS 
16591.0,SCOTTIE DOG HOT WATER BOTTLE
16598.0,CHOCOLATE HOT WATER BOTTLE
16621.0,REGENCY CAKESTAND 3 TIER
16624.0,CHRISTMAS HANGING STAR WITH BELL
16627.0,JAM MAKING SET PRINTED
16633.0,VINTAGE CHRISTMAS BUNTING
16643.0,HOT WATER BOTTLE I AM SO POORLY
16653.0,PARTY BUNTING
16668.0,VINTAGE SNAP CARDS
16678.0,HANGING HEART JAR T-LIGHT HOLDER
16679.0,CHILLI LIGHTS
16692.0,POSTAGE
16696.0,PARTY BUNTING
16706.0,BAKING SET SPACEBOY DESIGN
16717.0,HOT WATER BOTTLE KEEP CALM
16726.0,PAPER CHAIN KIT 50'S CHRISTMAS 
16742.0,Manual
16754.0,RED  HARMONICA IN BOX 
16784.0,BLACK RECORD COVER FRAME
16789.0,NATURAL SLATE HEART CHALKBOARD 
16790.0,LUNCH BAG RED RETROSPOT
16800.0,HOT WATER BOTTLE KEEP CALM
16811.0,BAKING SET 9 PIECE RETROSPOT 
16824.0,PARTY BUNTING
16828.0,POSTAGE
16835.0,JUMBO BAG RED RETROSPOT
16841.0,VINTAGE SNAP CARDS
16849.0,WHITE HANGING HEART T-LIGHT HOLDER
16859.0,MULTI COLOUR SILVER T-LIGHT HOLDER
16872.0,ANTIQUE SILVER TEA GLASS ENGRAVED
16880.0,JUMBO BAG 50'S CHRISTMAS 
16893.0,JUMBO BAG PINK POLKADOT
16900.0,POSTAGE
16909.0,SCOTTIE DOG HOT WATER BOTTLE
16910.0,VINTAGE SNAP CARDS
16919.0,DOORMAT KEEP CALM AND COME IN
16924.0,HOT WATER BOTTLE KEEP CALM
16942.0,REX CASH+CARRY JUMBO SHOPPER
16953.0,JUMBO BAG RED RETROSPOT
16960.0,ZINC FOLKART SLEIGH BELLS
16961.0,GREY HEART HOT WATER BOTTLE
16976.0,ANTIQUE SILVER TEA GLASS ENGRAVED
16979.0,PAPER CHAIN KIT 50'S CHRISTMAS 
16986.0,JUMBO BAG RED RETROSPOT
16990.0,JUMBO  BAG BAROQUE BLACK WHITE
16992.0,ANTIQUE SILVER T-LIGHT GLASS
16996.0,BAKING SET SPACEBOY DESIGN
17022.0,RABBIT NIGHT LIGHT
17027.0,SET OF 3 CAKE TINS PANTRY DESIGN 
17029.0,JUMBO BAG RED RETROSPOT
17031.0,JUMBO BAG 50'S CHRISTMAS 
17037.0,SET OF 12 FAIRY CAKE BAKING CASES
17038.0,HAND WARMER SCOTTY DOG DESIGN
17042.0,RABBIT NIGHT LIGHT
17049.0,JUMBO BAG 50'S CHRISTMAS 
17061.0,PAPER CHAIN KIT VINTAGE CHRISTMAS
17062.0,VICTORIAN GLASS HANGING T-LIGHT
17064.0,NATURAL SLATE HEART CHALKBOARD 
17079.0,SPOTTY BUNTING
17084.0,REGENCY CAKESTAND 3 TIER
17092.0,SET OF 12 FAIRY CAKE BAKING CASES
17119.0,JUMBO BAG RED RETROSPOT
17120.0,PARTY BUNTING
17125.0,ROSES REGENCY TEACUP AND SAUCER 
17144.0,SCOTTIE DOG HOT WATER BOTTLE
17147.0,CHRISTMAS HANGING STAR WITH BELL
17163.0,GREY HEART HOT WATER BOTTLE
17169.0,WHITE HANGING HEART T-LIGHT HOLDER
17174.0,JUMBO BAG RED RETROSPOT
17183.0,HOT WATER BOTTLE TEA AND SYMPATHY
17188.0,HAND WARMER SCOTTY DOG DESIGN
17194.0,Manual
17203.0,RABBIT NIGHT LIGHT
17237.0,REX CASH+CARRY JUMBO SHOPPER
17243.0,CHOCOLATE HOT WATER BOTTLE
17244.0,ANTIQUE SILVER TEA GLASS ENGRAVED
17266.0,RABBIT NIGHT LIGHT
17315.0,PARTY BUNTING
17325.0,LUNCH BAG RED RETROSPOT
17330.0,HOT WATER BOTTLE KEEP CALM
17331.0,REGENCY CAKESTAND 3 TIER
17338.0,GREY HEART HOT WATER BOTTLE
17340.0,DOORMAT KEEP CALM AND COME IN
17343.0,GREY HEART HOT WATER BOTTLE
17347.0,ANTIQUE SILVER TEA GLASS ENGRAVED
17350.0,RABBIT NIGHT LIGHT
17357.0,PAPER CHAIN KIT VINTAGE CHRISTMAS
17361.0,BLACK RECORD COVER FRAME
17381.0,VINTAGE SNAP CARDS
17389.0,BAKING SET SPACEBOY DESIGN
17391.0,VICTORIAN GLASS HANGING T-LIGHT
17408.0,REGENCY CAKESTAND 3 TIER
17425.0,VICTORIAN GLASS HANGING T-LIGHT
17426.0,RABBIT NIGHT LIGHT
17427.0,DOORMAT KEEP CALM AND COME IN
17434.0,CHRISTMAS HANGING STAR WITH BELL
17440.0,MULTI COLOUR SILVER T-LIGHT HOLDER
17444.0,POSTAGE
17449.0,VICTORIAN GLASS HANGING T-LIGHT
17453.0,BAKING SET 9 PIECE RETROSPOT 
17456.0,GREY HEART HOT WATER BOTTLE
17481.0,PAPER CHAIN KIT 50'S CHRISTMAS 
17492.0,REGENCY CAKESTAND 3 TIER
17512.0,ANTIQUE SILVER TEA GLASS ENGRAVED
17524.0,ANTIQUE SILVER TEA GLASS ENGRAVED
17553.0,CHILLI LIGHTS
17561.0,JUMBO BAG 50'S CHRISTMAS 
17564.0,HOT WATER BOTTLE TEA AND SYMPATHY
17573.0,WOODEN STAR CHRISTMAS SCANDINAVIAN
17602.0,HAND WARMER SCOTTY DOG DESIGN
17616.0,WHITE HANGING HEART T-LIGHT HOLDER
17620.0,SET OF 12 FAIRY CAKE BAKING CASES
17628.0,PARTY BUNTING
17633.0,JUMBO BAG 50'S CHRISTMAS 
17640.0,ZINC FOLKART SLEIGH BELLS
17648.0,SPOTTY BUNTING
17651.0,JUMBO BAG PINK POLKADOT
17685.0,CHILLI LIGHTS
17706.0,SET OF 20 VINTAGE CHRISTMAS NAPKINS
17707.0,ROSES REGENCY TEACUP AND SAUCER 
17711.0,BAKING SET 9 PIECE RETROSPOT 
17716.0,PAPER CHAIN KIT 50'S CHRISTMAS 
17723.0,PARTY BUNTING
17739.0,SCOTTIE DOG HOT WATER BOTTLE
17742.0,ASSORTED COLOUR BIRD ORNAMENT
17768.0,HOT WATER BOTTLE I AM SO POORLY
17789.0,ROSES REGENCY TEACUP AND SAUCER 
17819.0,GREEN REGENCY TEACUP AND SAUCER
17831.0,GREEN REGENCY TEACUP AND SAUCER
17846.0,Manual
17849.0,ANTIQUE SILVER T-LIGHT GLASS
17859.0,BAKING SET 9 PIECE RETROSPOT 
17860.0,JUMBO BAG RED RETROSPOT
17883.0,WOODEN STAR CHRISTMAS SCANDINAVIAN
17896.0,ANTIQUE SILVER TEA GLASS ENGRAVED
17898.0,RED  HARMONICA IN BOX 
17912.0,GREEN REGENCY TEACUP AND SAUCER
17921.0,SET OF 3 CAKE TINS PANTRY DESIGN 
17923.0,PARTY BUNTING
17925.0,BLACK RECORD COVER FRAME
17935.0,JUMBO BAG RED RETROSPOT
17939.0,REX CASH+CARRY JUMBO SHOPPER
17942.0,REX CASH+CARRY JUMBO SHOPPER
17965.0,SPOTTY BUNTING
17968.0,PAPER CHAIN KIT VINTAGE CHRISTMAS
17969.0,REX CASH+CARRY JUMBO SHOPPER
17970.0,MULTI COLOUR SILVER T-LIGHT HOLDER
18011.0,PAPER CHAIN KIT 50'S CHRISTMAS 
18017.0,JUMBO BAG RED RETROSPOT
18034.0,CHRISTMAS HANGING STAR WITH BELL
18035.0,RED  HARMONICA IN BOX 
18042.0,HOT WATER BOTTLE I AM SO POORLY
18048.0,REX CASH+CARRY JUMBO SHOPPER
18066.0,PAPER CHAIN KIT 50'S CHRISTMAS 
18071.0,GREEN REGENCY TEACUP AND SAUCER
18075.0,SET OF 12 FAIRY CAKE BAKING CASES
18082.0,ZINC FOLKART SLEIGH BELLS
18084.0,WOODEN STAR CHRISTMAS SCANDINAVIAN
18087.0,Manual
18092.0,ROSES REGENCY TEACUP AND SAUCER 
18112.0,SET OF 20 VINTAGE CHRISTMAS NAPKINS
18136.0,HOT WATER BOTTLE I AM SO POORLY
18138.0,REGENCY CAKESTAND 3 TIER
18144.0,ASSORTED COLOUR BIRD ORNAMENT
18146.0,ROSES REGENCY TEACUP AND SAUCER 
18169.0,SMALL WHITE HEART OF WICKER
18174.0,JUMBO BAG RED RETROSPOT
18177.0,JUMBO BAG 50'S CHRISTMAS 
18188.0,VINTAGE SNAP CARDS
18189.0,GREY HEART HOT WATER BOTTLE
18190.0,REGENCY CAKESTAND 3 TIER
18192.0,GREEN REGENCY TEACUP AND SAUCER
18204.0,PAPER CHAIN KIT 50'S CHRISTMAS 
18222.0,BAKING SET 9 PIECE RETROSPOT 
18223.0,SET OF 20 VINTAGE CHRISTMAS NAPKINS
18228.0,HOT WATER BOTTLE I AM SO POORLY
18242.0,ROSES REGENCY TEACUP AND SAUCER 
18248.0,BAKING SET SPACEBOY DESIGN
18250.0,JAM MAKING SET PRINTED
18257.0,JUMBO BAG PINK POLKADOT
18274.0,SET OF 3 CAKE TINS PANTRY DESIGN 
18282.0,REGENCY CAKESTAND 3 TIER
